client_id,days_since_last_transaction,avg_days_between_transactions,effort_required,status,potential_monthly_profit
14,2,1.44,1 Email,active,116369.51400000001
753,3,2.55,1 Visit,active,37081.597
4696,2,1.48,1 Visit,active,42882.700000000004
6839,5,1.59,2 Phone calls,churned,69308.453
8815,5,2.82,1 Email,active,36808.686
12251,2,1.54,1 Visit,active,45105.547000000006
13069,12,2.49,2 Phone calls,churned,37056.35
13875,4,3.33,1 Email,active,41653.611000000004
16630,3,1.62,2 Phone calls,active,46398.314
19006,2,1.7,1 Email,active,48414.941999999995
19470,2,1.5,1 Email,active,70339.01400000001
20240,9,2.31,1 Visit,churned,49230.058000000005
21424,3,1.49,1 Email,active,64550.439000000006
21797,3,1.75,1 Visit,active,62441.46400000001
23100,3,1.58,1 Visit,active,43238.542
24722,2,1.61,1 Email,active,46815.678
24887,3,1.59,1 Email,active,100503.675
25087,20,3.24,2 Phone calls,churned,42990.122
26661,3,1.49,1 Email,active,43570.053
27570,2,3.07,2 Phone calls,active,55482.203
30450,9,1.48,2 Phone calls,churned,73964.414
31213,2,1.46,2 Phone calls,active,381158.264
32211,2,1.45,2 Phone calls,active,94862.261
33945,3,1.47,1 Visit,active,164038.225
36319,2,1.6,2 Phone calls,active,49417.247
37031,10,3.0,1 Visit,churned,36922.342
37298,4,1.58,1 Email,active,48958.128
37973,3,1.7,1 Email,active,59165.657999999996
39877,2,1.32,1 Email,active,114640.38900000001
41428,2,1.58,1 Visit,active,41039.086
41637,2,1.48,1 Email,active,75152.214
42339,2,1.71,1 Email,active,39266.064
44839,2,1.45,1 Visit,active,202842.958
45025,2,1.44,2 Phone calls,active,55744.661
45198,9,1.53,1 Email,churned,62081.775
45773,2,1.48,1 Email,active,50013.675
49886,235,3.17,1 Visit,churned,89872.77100000001
53453,2,1.64,1 Visit,active,41403.811
55014,3,1.49,1 Email,active,39752.514
55137,10,1.59,1 Visit,churned,41934.289
57631,2,1.5,1 Email,active,86861.061
59282,2,2.17,1 Email,active,52042.878
63263,3,1.68,1 Email,active,38486.853
63290,2,1.81,1 Visit,active,43359.889
64577,5,3.54,1 Visit,active,56817.211
67305,536,1.43,1 Visit,churned,170508.22600000002
68390,9,2.25,1 Visit,churned,36810.958000000006
69720,2,1.44,2 Phone calls,active,54332.075000000004
73301,2,1.44,2 Phone calls,active,55679.636
76793,3,2.78,2 Phone calls,active,44288.003
79921,2,1.51,2 Phone calls,active,38414.189
80663,3,1.77,2 Phone calls,active,42162.689
83707,2,2.38,1 Email,active,52346.808000000005
84365,2,1.96,2 Phone calls,active,52993.586
86499,2,1.47,1 Email,active,36970.461
87696,2,1.52,1 Visit,active,39361.450000000004
91749,2,1.53,1 Visit,active,44844.475
92655,2,1.44,1 Email,active,65200.53599999999
97492,2,1.56,1 Visit,active,94667.278
102519,5,2.12,2 Phone calls,active,46811.828
103426,2,1.44,1 Email,active,70028.739
106085,2,1.49,1 Email,active,60207.111
106107,9,2.4,1 Email,churned,45229.761
106488,2,1.46,2 Phone calls,active,125711.147
109692,5,2.17,1 Visit,active,93061.075
113149,3,1.46,1 Email,active,126478.53899999999
113177,2,1.62,1 Email,active,52565.814
114046,12,1.7,2 Phone calls,churned,43087.664
117098,9,1.84,1 Email,churned,49781.025
117709,5,1.53,1 Visit,churned,130467.1
118157,5,1.83,1 Email,active,61776.414000000004
118261,2,1.45,2 Phone calls,active,62801.597
120273,2,1.57,1 Visit,active,52658.572
124349,9,1.58,1 Email,churned,53010.864
125578,2,1.44,1 Email,active,85965.3
130549,2,1.47,2 Phone calls,active,41448.691999999995
135325,2,1.86,1 Email,active,153330.336
135616,4,1.51,1 Visit,active,44375.647000000004
138242,2,1.57,2 Phone calls,active,41278.214
139835,2,1.45,1 Email,active,75760.425
140313,157,1.53,2 Phone calls,churned,84701.945
141736,9,1.61,1 Email,churned,48478.203
145272,2,1.45,1 Visit,active,39346.789
149433,2,1.81,1 Email,active,39102.975
151397,4,1.49,1 Visit,active,71617.747
152409,4,1.64,1 Email,active,50879.358
153890,3,1.5,1 Email,active,95476.311
159644,3,2.53,1 Email,active,43315.497
160781,3,1.71,2 Phone calls,active,40924.775
161977,2,1.49,1 Visit,active,49240.786
163448,2,1.53,2 Phone calls,active,77639.078
163472,2,1.49,1 Visit,active,44409.064
163536,177,50.75,1 Visit,churned,49466.353
166624,2,1.81,2 Phone calls,active,82600.436
168204,3,1.51,1 Visit,active,60006.847
170391,2,1.67,1 Email,active,64364.022000000004
171132,2,2.87,2 Phone calls,active,60008.6
171312,2,1.73,2 Phone calls,active,80083.739
174547,185,1.6,2 Phone calls,churned,70456.952
177646,3,1.79,2 Phone calls,active,44069.303
178746,24,2.22,2 Phone calls,churned,41515.049
178851,9,2.22,1 Visit,churned,38968.672000000006
179892,2,1.85,2 Phone calls,active,56999.792
184887,3,1.46,1 Visit,active,55202.386
186500,5,1.85,2 Phone calls,active,38792.486000000004
186614,2,1.46,2 Phone calls,active,85101.608
186700,3,1.49,1 Email,active,67704.642
187061,11,2.59,1 Visit,churned,61155.247
187747,2,1.47,2 Phone calls,active,73767.24200000001
188926,2,1.47,1 Visit,active,214424.31100000002
191381,9,1.48,1 Visit,churned,47644.114
192301,2,1.53,2 Phone calls,active,104583.422
193064,9,1.61,2 Phone calls,churned,56727.65
195689,2,1.46,1 Email,active,71632.8
197191,3,1.56,2 Phone calls,active,55523.747
200803,2,1.49,1 Email,active,40840.200000000004
201675,2,1.52,1 Visit,active,125849.875
203244,2,1.45,1 Visit,active,136677.55000000002
206643,4,1.56,1 Visit,active,36803.164
208344,5,2.82,2 Phone calls,active,43049.792
213494,3,2.04,2 Phone calls,active,57652.85
213668,3,1.53,2 Phone calls,active,75088.44200000001
214751,4,1.61,1 Email,active,40474.647000000004
216261,2,1.58,2 Phone calls,active,45189.992
218905,4,1.63,1 Visit,active,50507.347
224524,2,1.37,2 Phone calls,active,127139.258
229782,4,1.56,1 Visit,active,56353.036
232611,3,1.48,1 Email,active,99923.328
234785,18,2.99,1 Email,churned,63265.608
237647,5,2.27,1 Email,active,125718.33600000001
238215,2,1.45,2 Phone calls,active,110381.789
239348,2,2.49,2 Phone calls,active,46710.272000000004
240088,2,1.44,2 Phone calls,active,49137.536
242501,2,1.51,2 Phone calls,active,52333.625
245066,4,4.8,2 Phone calls,active,36436.403
245272,2,1.45,1 Email,active,161420.058
246242,3,1.72,1 Visit,active,70403.728
249873,9,2.24,1 Email,churned,54060.039
250790,2,1.44,2 Phone calls,active,207503.00300000003
250977,2,1.46,1 Visit,active,103840.447
251920,11,2.11,1 Visit,churned,62104.79200000001
254563,3,1.92,1 Visit,active,52552.975
254694,5,2.73,1 Visit,active,36683.275
254713,2,1.46,1 Visit,active,180331.897
255794,2,1.45,1 Visit,active,169659.886
257861,2,1.44,1 Email,active,85929.642
257929,2,1.49,2 Phone calls,active,54666.875
258317,2,1.56,2 Phone calls,active,53864.858
259345,2,1.44,1 Email,active,61388.064000000006
264180,2,1.53,1 Email,active,72271.31400000001
264770,2,1.52,1 Email,active,54289.647000000004
264820,1,1.4,1 Visit,active,82397.047
267074,9,1.91,1 Email,churned,65553.561
267327,2,2.66,1 Email,active,40775.814
267660,3,1.56,1 Email,active,43017.147000000004
268249,2,1.45,1 Visit,active,186961.639
269678,2,1.44,1 Email,active,140744.40300000002
270017,4,1.47,1 Visit,active,52572.703
270023,2,1.56,1 Email,active,67242.708
270053,3,2.1,1 Email,active,63548.325000000004
271317,10,1.72,1 Visit,churned,44123.539
271918,2,1.64,1 Visit,active,40477.414
274010,2,1.48,1 Visit,active,123268.26100000001
274607,2,1.54,2 Phone calls,active,49293.272000000004
274652,3,1.53,1 Visit,active,45542.425
275785,2,1.57,2 Phone calls,active,53380.514
276399,11,3.41,1 Email,churned,41584.428
282205,2,1.45,1 Email,active,42840.225
282316,2,1.44,1 Email,active,55726.272000000004
283373,2,1.51,1 Email,active,63862.757999999994
283625,2,1.44,1 Email,active,119979.07199999999
284343,2,1.85,1 Visit,active,51767.725
285995,2,1.47,1 Visit,active,58426.564
286249,2,1.89,1 Visit,active,46610.689
287028,2,1.44,1 Visit,active,37171.336
287031,9,1.69,2 Phone calls,churned,51232.628
291547,2,1.46,2 Phone calls,active,74276.858
293976,2,2.2,1 Email,active,73319.103
295075,3,1.47,1 Visit,active,55103.908
296199,2,1.57,1 Visit,active,38533.747
296291,4,1.52,1 Email,active,95745.753
296821,3,6.82,1 Visit,active,36168.664
297446,5,2.12,2 Phone calls,active,47833.211
297733,3,1.46,1 Visit,active,110299.864
299463,2,2.29,2 Phone calls,active,39768.986000000004
304356,19,24.12,1 Visit,active,40895.914
305386,3,1.6,1 Visit,active,45926.014
310924,2,1.45,1 Email,active,93176.397
312446,2,1.46,1 Email,active,48199.914
313304,2,1.45,1 Email,active,112874.47200000001
315496,2,1.48,1 Email,active,179881.839
316963,2,1.48,2 Phone calls,active,142215.761
317207,2,1.44,1 Visit,active,41149.336
317406,9,1.48,2 Phone calls,churned,53781.608
318912,11,1.94,1 Email,churned,40171.797000000006
318938,11,2.15,1 Email,churned,38447.289
319093,2,1.53,2 Phone calls,active,40103.147000000004
319575,2,1.45,1 Email,active,59620.347
322573,4,1.54,1 Email,active,66156.039
323038,2,1.43,1 Email,active,62598.257999999994
324012,2,1.44,1 Visit,active,363447.814
324900,3,2.18,2 Phone calls,active,36794.558000000005
325331,2,1.54,1 Visit,active,43315.114
328035,2,1.47,2 Phone calls,active,46185.086
331825,3,1.51,1 Email,active,49759.389
334340,2,2.81,1 Email,active,83357.028
334437,9,1.61,2 Phone calls,churned,38069.191999999995
334812,3,1.51,1 Visit,active,92485.26400000001
335696,2,1.34,1 Email,active,39179.439
337414,2,1.45,1 Email,active,202341.897
339007,2,1.46,1 Email,active,61543.35
341268,4,1.5,2 Phone calls,active,55953.947
341530,2,1.48,2 Phone calls,active,55074.728
343904,5,7.67,1 Visit,active,37635.925
345269,3,1.45,2 Phone calls,active,106284.008
345535,9,1.74,1 Email,churned,44040.636
346256,2,1.46,1 Email,active,354513.375
346874,3,1.83,2 Phone calls,active,47978.786
347733,2,1.45,1 Email,active,53826.858
349178,2,1.48,1 Email,active,59735.628
349291,2,1.52,1 Visit,active,65532.89200000001
349300,9,1.65,1 Visit,churned,56252.686
349582,2,1.45,1 Visit,active,112814.392
349666,3,1.7,1 Email,active,44478.639
351570,2,1.45,2 Phone calls,active,138338.90300000002
351723,9,1.49,1 Email,churned,58597.992
356814,5,1.69,1 Email,active,101601.792
359511,9,1.75,1 Visit,churned,68851.678
360673,2,1.68,2 Phone calls,active,42634.622
362470,4,1.5,2 Phone calls,active,36319.547000000006
365271,4,2.86,1 Email,active,86170.95
367675,3,1.68,1 Visit,active,36148.342
368527,2,1.45,1 Visit,active,50783.647000000004
371301,3,1.46,1 Visit,active,103256.725
372912,3,1.48,1 Visit,active,75229.86099999999
373049,2,1.62,1 Email,active,50401.691999999995
374188,10,1.77,1 Visit,churned,55719.364
374756,2,1.77,1 Visit,active,38018.839
377332,10,2.04,1 Visit,churned,40920.997
377854,9,1.96,2 Phone calls,churned,57899.189
378189,9,1.69,1 Visit,churned,40888.039
378412,2,1.54,2 Phone calls,active,40027.889
380433,2,1.49,1 Email,active,85715.811
381292,2,1.62,1 Visit,active,119912.83600000001
382824,10,1.7,1 Visit,churned,90713.875
385383,2,1.46,2 Phone calls,active,104043.31400000001
385520,2,1.49,1 Email,active,77470.686
388586,2,1.6,1 Visit,active,50002.978
390895,3,1.45,2 Phone calls,active,46404.011
392667,2,1.46,1 Visit,active,47583.436
393868,10,1.77,1 Email,churned,54417.078
397951,2,1.45,2 Phone calls,active,45623.0
398204,2,1.44,1 Visit,active,65928.325
398705,13,2.53,1 Visit,churned,69068.272
399037,3,1.5,2 Phone calls,active,36755.003
403467,2,3.35,2 Phone calls,active,57236.186
406145,2,1.49,1 Email,active,41587.200000000004
407345,10,1.74,1 Email,churned,41798.889
407858,2,1.46,1 Visit,active,46198.191999999995
409987,2,1.42,1 Visit,active,186718.03600000002
413168,4,1.95,2 Phone calls,active,49490.264
417576,2,1.43,1 Visit,active,1033134.511
418450,2,1.46,2 Phone calls,active,46186.589
424287,5,1.55,2 Phone calls,churned,60003.91099999999
430146,2,1.5,1 Email,active,99538.2
431555,2,1.48,1 Email,active,76967.397
432972,3,1.47,1 Email,active,38707.992
433367,13,2.77,1 Email,churned,46728.261
433629,2,1.54,1 Email,active,96689.853
435648,2,1.77,2 Phone calls,active,40524.797000000006
436537,2,1.86,2 Phone calls,active,71359.697
436955,2,1.69,2 Phone calls,active,71813.711
438726,2,1.47,1 Email,active,145787.922
439866,2,1.47,2 Phone calls,active,87443.93900000001
440241,2,1.47,2 Phone calls,active,83242.622
440342,2,1.51,1 Email,active,67673.322
441144,2,1.91,1 Visit,active,43242.592
442588,2,1.44,1 Email,active,124861.725
444843,2,1.46,1 Email,active,58553.397000000004
445592,362,26.18,1 Email,churned,128348.397
454245,4,1.5,1 Visit,active,38882.65
458364,2,1.55,2 Phone calls,active,39444.797000000006
458423,2,1.78,2 Phone calls,active,40159.136
464351,2,1.45,1 Visit,active,41170.9
469125,9,2.54,1 Email,churned,43564.797000000006
471983,10,3.59,2 Phone calls,active,42682.808000000005
472099,2,1.53,1 Visit,active,83064.811
472512,9,1.47,1 Visit,churned,54346.486000000004
472514,11,1.92,1 Email,churned,51951.447
472898,3,1.96,2 Phone calls,active,63326.486
473896,3,1.48,1 Email,active,73635.408
474373,2,1.67,1 Email,active,49761.036
475640,2,1.54,1 Email,active,88754.81400000001
476807,5,1.48,2 Phone calls,churned,51900.392
477675,2,1.47,2 Phone calls,active,38207.972
487011,9,1.78,1 Email,churned,62252.51400000001
489052,2,1.44,1 Visit,active,45254.236000000004
491882,13,4.73,2 Phone calls,active,45130.439
498112,2,1.42,2 Phone calls,active,113251.142
502068,2,1.81,1 Visit,active,38008.903
505460,2,1.5,1 Email,active,40799.853
506296,2,1.46,2 Phone calls,active,111280.403
507553,2,1.5,1 Email,active,51455.664
508501,2,1.54,2 Phone calls,active,52018.589
511577,2,1.46,2 Phone calls,active,127275.57199999999
511962,2,1.42,1 Visit,active,44371.822
512660,23,3.62,1 Visit,churned,43310.632000000005
513380,2,1.44,1 Email,active,100795.122
516405,2,1.45,1 Visit,active,71573.161
517065,2,1.51,1 Email,active,76234.158
517554,4,1.65,1 Visit,active,44467.375
517696,2,1.47,1 Visit,active,152924.16100000002
520988,2,1.49,1 Visit,active,82697.31400000001
521232,2,1.44,2 Phone calls,active,41458.286
526216,2,1.53,1 Visit,active,58250.947
526883,5,1.45,1 Visit,churned,120345.99699999999
527348,9,1.64,1 Email,churned,51304.275
528366,13,2.82,1 Visit,churned,76611.478
528506,2,1.52,1 Visit,active,157453.447
529000,5,2.06,1 Email,active,49989.708000000006
530188,3,1.72,1 Visit,active,62370.247
534843,2,1.44,2 Phone calls,active,93559.511
535319,3,1.69,1 Visit,active,57326.053
535956,9,2.34,2 Phone calls,churned,41332.358
537935,4,1.53,1 Visit,active,47341.228
539483,2,1.54,2 Phone calls,active,47208.503
542924,9,1.57,1 Email,churned,51313.203
542988,2,1.93,2 Phone calls,active,45892.325000000004
545353,3,1.5,1 Visit,active,42124.639
548596,4,1.85,2 Phone calls,active,41948.111000000004
548753,3,1.52,1 Visit,active,79266.478
549675,3,1.48,2 Phone calls,active,43414.472
550516,4,1.61,2 Phone calls,active,63427.925
551651,2,1.46,1 Email,active,175060.089
553655,2,1.44,1 Visit,active,80047.408
558325,2,1.55,1 Visit,active,97700.503
559811,2,1.44,1 Visit,active,175845.442
560228,3,1.49,2 Phone calls,active,63560.153
562648,2,1.48,1 Visit,active,64243.039000000004
564422,4,1.59,1 Email,active,244382.29200000002
566169,9,1.67,2 Phone calls,churned,92623.925
569096,2,1.51,2 Phone calls,active,77526.72200000001
569729,4,1.59,2 Phone calls,active,69426.047
572750,3,2.03,2 Phone calls,active,36512.975
573452,2,1.49,1 Visit,active,56489.953
574461,2,1.53,1 Email,active,38657.178
575414,2,1.52,2 Phone calls,active,42735.539
576532,12,3.44,2 Phone calls,churned,49814.075000000004
577056,1,1.75,1 Visit,active,40689.247
577099,3,1.52,1 Visit,active,103650.322
578376,2,1.88,2 Phone calls,active,43525.289
580237,2,1.51,2 Phone calls,active,62048.261
582299,5,3.37,1 Visit,active,125231.19699999999
589035,2,1.5,2 Phone calls,active,51845.447
591832,2,1.45,1 Email,active,106512.19200000001
593006,2,1.45,2 Phone calls,active,200160.578
596258,9,1.46,1 Email,churned,259787.25
596775,2,1.48,1 Visit,active,111655.903
597355,5,1.66,2 Phone calls,churned,37589.042
598278,2,1.5,1 Visit,active,62917.11400000001
598931,4,1.78,2 Phone calls,active,57841.211
600098,2,1.51,1 Email,active,36613.278
600933,5,1.51,1 Visit,churned,51862.747
604261,2,1.48,1 Email,active,89611.803
604791,10,3.29,1 Email,churned,67004.028
606445,5,1.75,1 Email,active,51605.892
606891,2,1.55,1 Email,active,41902.308000000005
607998,20,3.57,1 Visit,churned,56528.878
609244,2,1.46,1 Visit,active,71566.56400000001
611953,2,1.54,2 Phone calls,active,47056.889
612396,2,1.46,1 Email,active,105260.508
613336,2,1.45,2 Phone calls,active,71762.6
614764,4,1.73,2 Phone calls,active,57636.497
618691,11,4.13,1 Email,active,44595.153
621340,3,1.64,2 Phone calls,active,61757.228
623096,4,1.55,1 Visit,active,50180.089
625545,2,1.45,1 Email,active,49546.35
625780,2,1.49,2 Phone calls,active,50280.797000000006
626527,3,1.49,2 Phone calls,active,55325.558000000005
627824,2,1.57,1 Email,active,37924.947
628011,3,1.64,1 Visit,active,39529.975
631391,12,3.84,1 Visit,churned,46451.353
631876,9,1.95,2 Phone calls,churned,174209.52800000002
632774,2,1.49,1 Visit,active,61688.164000000004
635072,2,1.61,1 Visit,active,67669.186
635328,2,1.78,1 Visit,active,51216.736000000004
636796,2,1.45,2 Phone calls,active,41728.322
636823,3,2.29,1 Email,active,117399.042
638703,3,1.68,1 Email,active,54874.953
638795,2,1.45,1 Visit,active,45328.603
638957,2,1.5,1 Visit,active,58329.103
642556,2,2.43,1 Visit,active,45850.522000000004
644060,3,1.95,1 Email,active,47906.892
645041,2,1.46,1 Email,active,43668.261
647292,2,1.43,2 Phone calls,active,50633.3
652798,2,1.49,1 Email,active,102896.928
653182,2,1.48,2 Phone calls,active,68123.225
655972,11,1.52,1 Email,churned,76641.561
660495,0,1.59,1 Email,active,84471.822
662246,5,1.76,2 Phone calls,active,72424.478
663154,2,1.44,2 Phone calls,active,46687.25
664162,3,1.74,1 Visit,active,40216.297000000006
665522,3,1.79,1 Visit,active,50615.689
668018,12,1.76,1 Email,churned,47584.089
669927,2,1.54,2 Phone calls,active,51612.158
670567,2,1.57,1 Visit,active,104268.325
670886,2,1.45,1 Email,active,66521.358
672776,2,1.44,1 Email,active,52688.025
674617,2,1.46,2 Phone calls,active,159232.547
681753,2,1.5,1 Email,active,37517.139
682077,2,1.5,1 Visit,active,39160.075000000004
682353,2,1.47,1 Visit,active,55047.136
683383,2,1.52,1 Email,active,100059.039
687339,2,1.68,1 Email,active,49000.878
687584,9,1.73,1 Visit,churned,111595.225
688777,2,1.63,1 Visit,active,51540.061
688919,2,1.51,1 Email,active,37747.539
689477,4,1.56,2 Phone calls,active,85377.053
691738,9,2.2,1 Visit,churned,61788.289000000004
691897,9,1.5,2 Phone calls,churned,61293.575000000004
692195,5,1.48,1 Visit,churned,80646.772
694254,3,1.51,1 Visit,active,52301.425
694342,4,1.51,1 Email,active,44278.686
695540,3,1.56,1 Visit,active,36859.297000000006
696515,9,1.67,1 Email,churned,48247.200000000004
697186,2,1.54,1 Email,active,63167.742000000006
698750,3,1.87,1 Email,active,38840.589
699010,9,1.69,1 Visit,churned,46651.189
702762,3,1.66,2 Phone calls,active,43705.289
702888,3,1.65,2 Phone calls,active,43902.722
705312,1,1.28,1 Visit,active,126165.70300000001
709228,2,1.77,1 Visit,active,57383.797000000006
712933,2,1.5,1 Email,active,45480.6
720278,2,1.48,1 Email,active,70038.747
721946,2,1.44,1 Visit,active,57323.128
725438,5,2.47,2 Phone calls,active,114896.936
726867,34,8.19,1 Visit,churned,78144.664
730155,2,1.58,1 Email,active,44740.728
732030,4,1.54,1 Email,active,45756.108
734322,4,1.52,2 Phone calls,active,79426.739
734583,2,1.44,1 Email,active,41716.908
734809,5,2.08,1 Visit,active,48613.153
735831,2,1.59,2 Phone calls,active,50171.411
736364,2,1.61,2 Phone calls,active,42646.439
736968,2,1.47,1 Email,active,136939.086
744320,9,2.23,2 Phone calls,churned,36458.408
746158,3,1.48,1 Email,active,45055.314
746360,2,1.46,1 Email,active,134037.864
747888,3,1.52,2 Phone calls,active,119315.189
747951,2,1.46,1 Email,active,55323.558000000005
749102,38,13.78,1 Email,active,44282.619000000006
749713,2,1.45,1 Visit,active,48699.292
750311,2,1.45,2 Phone calls,active,119841.392
755246,5,1.69,1 Visit,active,68314.261
755519,2,1.94,1 Email,active,42397.911
757650,2,1.45,1 Email,active,108750.375
758269,2,1.54,1 Visit,active,45752.872
761727,2,1.46,1 Email,active,45960.228
763357,2,2.36,2 Phone calls,active,78366.575
764025,4,1.73,2 Phone calls,active,39372.086
768587,9,2.12,1 Visit,churned,39411.778
774613,3,1.6,2 Phone calls,active,81319.511
776321,2,1.85,2 Phone calls,active,46785.728
776358,2,1.49,2 Phone calls,active,78649.553
778118,2,1.57,1 Visit,active,114449.76400000001
781036,9,1.59,1 Visit,churned,61365.657999999996
782240,3,1.73,2 Phone calls,active,66167.561
782682,5,2.1,1 Email,active,61138.197
783783,2,1.46,1 Email,active,36465.975
784023,2,1.48,2 Phone calls,active,104327.903
786186,2,1.46,2 Phone calls,active,128569.28600000001
791126,2,1.58,1 Visit,active,53907.214
794738,2,1.44,2 Phone calls,active,163322.75
795863,3,1.5,1 Visit,active,41328.742
796022,2,1.58,2 Phone calls,active,81157.43900000001
797143,2,1.47,1 Email,active,42108.597
798548,2,1.51,2 Phone calls,active,40112.714
801680,2,1.46,1 Email,active,43266.941999999995
802673,2,1.46,1 Email,active,110728.908
802878,2,1.57,2 Phone calls,active,37749.764
803932,5,1.56,2 Phone calls,churned,96074.822
804156,2,1.86,2 Phone calls,active,52447.178
805390,2,3.76,2 Phone calls,active,46303.814
805583,2,1.62,2 Phone calls,active,45733.439
805616,2,1.5,1 Email,active,36788.625
805704,3,1.51,2 Phone calls,active,44374.439
808292,2,1.88,1 Visit,active,50873.125
811505,251,1.44,1 Visit,churned,79531.77100000001
813191,3,1.59,1 Email,active,47449.989
813686,3,1.47,1 Visit,active,63514.525
815746,11,2.34,1 Email,churned,40492.953
819814,2,1.44,1 Email,active,75696.822
821980,3,1.68,2 Phone calls,active,64379.63900000001
822336,2,2.95,1 Visit,active,47146.342
824122,19,7.53,1 Visit,active,41076.697
826261,2,1.44,2 Phone calls,active,46715.941999999995
826940,9,2.05,2 Phone calls,churned,52443.65
828304,4,1.64,1 Visit,active,42104.308000000005
829814,11,4.14,1 Email,active,266885.514
831718,3,1.65,2 Phone calls,active,75136.475
833036,12,2.53,2 Phone calls,churned,65531.97200000001
834287,3,1.48,1 Visit,active,90956.614
836754,9,1.55,2 Phone calls,churned,53264.936
837714,3,1.55,1 Visit,active,36818.725
838172,2,1.46,2 Phone calls,active,54156.503
838258,2,1.44,1 Visit,active,134024.27800000002
845385,2,1.5,1 Visit,active,83215.408
847354,3,1.88,1 Email,active,65149.685999999994
848962,2,1.44,2 Phone calls,active,57820.592
853623,10,2.53,2 Phone calls,churned,78752.90000000001
854451,3,1.48,1 Visit,active,77596.897
855979,2,1.49,2 Phone calls,active,47669.708000000006
864026,2,3.82,1 Email,active,142802.06399999998
867448,2,1.44,1 Visit,active,119622.92800000001
868013,2,1.61,1 Email,active,40847.058000000005
871199,1,1.68,1 Visit,active,59925.657999999996
872525,2,1.5,1 Visit,active,54528.736000000004
873001,2,2.41,1 Email,active,40432.122
873150,19,4.34,2 Phone calls,churned,50323.25
877434,2,1.47,1 Visit,active,111121.114
878738,2,1.5,1 Email,active,132941.7
878889,2,1.55,1 Visit,active,44001.886
879623,3,1.62,2 Phone calls,active,40486.097
881711,3,1.45,1 Email,active,60776.775
882417,3,1.47,1 Email,active,91143.828
885049,2,1.93,1 Email,active,52681.5
887036,2,1.45,1 Visit,active,85261.936
890078,2,1.45,1 Visit,active,37248.736000000004
890252,2,1.47,1 Email,active,47411.892
891063,2,1.54,2 Phone calls,active,37363.511
892705,2,1.93,2 Phone calls,active,75491.489
895646,2,1.56,1 Visit,active,55024.636
895931,2,1.44,1 Visit,active,89883.625
896016,3,1.47,2 Phone calls,active,62464.960999999996
896654,9,1.56,2 Phone calls,churned,61915.21400000001
900195,3,1.83,1 Visit,active,70215.286
902253,2,4.29,1 Visit,active,188707.297
903270,2,1.81,2 Phone calls,active,91921.475
907689,3,1.56,1 Email,active,38547.297000000006
908470,2,1.5,1 Email,active,77735.592
909513,5,6.04,1 Email,active,38177.775
921599,2,1.44,2 Phone calls,active,59014.622
921974,2,1.45,2 Phone calls,active,335673.992
923144,2,1.45,1 Visit,active,116332.411
924307,3,1.86,2 Phone calls,active,168996.989
926987,4,2.7,2 Phone calls,active,40614.842
928567,2,1.82,2 Phone calls,active,45124.814
934827,2,1.48,1 Email,active,57476.808000000005
935515,3,1.68,1 Email,active,47675.475
937801,3,2.43,2 Phone calls,active,103714.661
938174,4,1.71,2 Phone calls,active,77463.803
940099,5,1.89,2 Phone calls,active,58618.289
940650,2,1.45,1 Email,active,91389.897
942415,2,1.58,1 Visit,active,50898.064
942459,9,1.78,1 Visit,churned,39269.758
943886,2,1.84,1 Email,active,45999.9
944287,1,1.59,2 Phone calls,active,47302.922000000006
944916,4,2.73,1 Email,active,87946.128
944998,9,3.77,1 Email,active,47916.342
946576,3,1.84,1 Visit,active,39468.325000000004
947867,2,1.51,1 Visit,active,40787.689
948017,2,1.49,2 Phone calls,active,92473.958
951757,2,1.46,1 Email,active,81477.072
953990,3,1.52,1 Email,active,55133.397000000004
955820,2,1.36,2 Phone calls,active,111304.1
958591,4,3.61,1 Visit,active,42908.575000000004
960796,2,1.49,1 Email,active,48477.492
961759,4,2.87,1 Visit,active,39302.5
963046,3,3.09,1 Visit,active,47671.6
963676,32,5.1,2 Phone calls,churned,41718.098000000005
964048,2,2.18,1 Visit,active,37953.292
967012,2,1.55,1 Visit,active,49848.475
969778,4,1.57,2 Phone calls,active,49549.664
972461,2,1.56,1 Email,active,42541.353
973658,5,1.6,2 Phone calls,churned,90932.411
974971,2,1.5,1 Email,active,36808.578
976682,2,1.44,1 Email,active,142632.15300000002
976974,4,1.46,1 Visit,active,105300.328
977478,17,2.74,1 Visit,churned,38315.128
979094,2,1.52,1 Visit,active,41612.422000000006
984348,10,3.54,2 Phone calls,active,62263.478
984422,2,1.44,2 Phone calls,active,66330.164
985303,2,1.46,1 Visit,active,75007.714
990171,2,1.58,1 Visit,active,46292.089
990641,2,1.54,1 Email,active,44763.228
992178,2,1.6,1 Visit,active,91446.214
992720,19,1.9,1 Visit,churned,95292.661
994813,5,1.64,2 Phone calls,churned,49722.428
995683,5,3.2,2 Phone calls,active,39233.342
996794,2,1.44,1 Email,active,51343.272000000004
1005196,4,1.56,1 Visit,active,50510.497
1007170,3,1.93,2 Phone calls,active,56675.711
1007327,2,1.5,1 Visit,active,57341.758
1009395,2,1.54,1 Email,active,45642.861000000004
1011461,3,2.98,1 Email,active,40525.128
1012620,2,1.55,1 Email,active,43536.564
1012791,2,1.65,1 Visit,active,56227.153
1015520,2,1.45,1 Visit,active,46677.289
1015601,2,1.45,2 Phone calls,active,97485.98599999999
1015875,2,1.52,1 Visit,active,62760.657999999996
1020477,2,1.45,1 Visit,active,110776.414
1021255,2,1.45,1 Visit,active,37986.808000000005
1022370,2,1.61,1 Email,active,49839.191999999995
1024918,2,1.46,1 Visit,active,38836.489
1024919,3,1.86,2 Phone calls,active,113216.042
1025297,4,1.64,1 Email,active,37174.311
1035245,223,1.5,1 Visit,churned,52723.191999999995
1035982,2,53.75,1 Email,active,55401.975
1037392,9,1.61,2 Phone calls,churned,63969.878
1037700,9,1.56,1 Visit,churned,36184.522000000004
1039875,11,1.77,1 Visit,churned,81256.0
1042144,5,1.51,1 Email,churned,103115.592
1043040,9,1.96,2 Phone calls,churned,43116.536
1049145,2,1.44,2 Phone calls,active,296614.208
1055397,4,1.53,2 Phone calls,active,60291.757999999994
1056098,2,1.48,1 Email,active,37662.264
1056862,2,1.48,1 Email,active,43229.403
1057218,11,1.83,1 Email,churned,53799.264
1057238,2,1.68,1 Visit,active,37868.314
1060920,5,2.82,1 Visit,active,37909.975
1061219,2,1.32,2 Phone calls,active,133273.397
1061432,5,3.57,1 Email,active,87983.136
1061798,2,1.48,1 Email,active,42505.542
1062097,2,1.49,1 Visit,active,56139.322
1064574,2,1.44,2 Phone calls,active,53775.542
1066590,9,1.53,1 Email,churned,146194.497
1067777,10,1.56,1 Visit,churned,71119.11099999999
1070692,2,1.49,1 Email,active,58241.547000000006
1072318,2,3.27,1 Email,active,39430.422000000006
1072447,2,1.59,2 Phone calls,active,38192.528
1073335,5,1.5,2 Phone calls,churned,43609.475
1074263,3,1.51,1 Email,active,52892.703
1074887,2,1.47,1 Email,active,93550.914
1080520,20,2.95,1 Visit,churned,77227.22200000001
1081078,5,1.57,1 Visit,churned,60255.4
1081700,2,1.57,1 Visit,active,61156.228
1081914,3,1.54,2 Phone calls,active,46716.536
1086503,2,1.44,1 Visit,active,50839.528
1086572,2,1.47,2 Phone calls,active,59983.36400000001
1086584,2,1.53,1 Email,active,197759.592
1087422,10,3.86,1 Visit,active,45901.642
1087991,2,1.54,1 Visit,active,58394.992
1088254,2,1.65,2 Phone calls,active,45951.203
1089966,3,1.62,1 Email,active,45284.697
1094636,2,1.45,1 Email,active,85047.075
1094895,2,1.61,2 Phone calls,active,46560.242
1095289,3,1.52,1 Visit,active,128978.05
1098127,3,1.97,2 Phone calls,active,60940.172000000006
1098821,2,1.58,1 Visit,active,37192.414
1099928,2,1.47,1 Visit,active,76556.011
1100989,10,4.76,2 Phone calls,active,40831.85
1101928,2,1.49,1 Visit,active,107137.26400000001
1102882,5,1.84,2 Phone calls,active,83129.6
1110074,3,1.51,1 Email,active,109387.728
1110934,2,1.48,1 Email,active,43315.200000000004
1111061,2,1.45,1 Visit,active,65344.710999999996
1111303,342,27.29,1 Visit,churned,80428.072
1113561,2,1.45,1 Visit,active,204651.66100000002
1115153,2,1.65,1 Email,active,49015.008
1116074,3,1.94,1 Email,active,63978.453
1120983,3,1.72,2 Phone calls,active,55377.875
1121492,2,1.56,1 Visit,active,66219.322
1123869,2,1.49,1 Visit,active,82037.614
1124243,2,1.52,1 Visit,active,46453.297000000006
1125846,12,3.33,1 Email,churned,89624.628
1133418,2,1.44,1 Email,active,46830.339
1133876,2,1.49,1 Email,active,69024.411
1137482,2,1.59,2 Phone calls,active,66770.714
1138397,2,1.49,1 Email,active,94771.503
1138882,10,2.77,1 Visit,churned,45059.728
1140655,2,1.58,1 Email,active,46108.197
1140720,3,1.65,1 Visit,active,94914.328
1147910,3,3.0,2 Phone calls,active,51663.611000000004
1148306,4,1.54,1 Visit,active,45654.475
1152568,2,1.44,1 Visit,active,117882.958
1152581,11,2.92,1 Email,churned,60697.872
1153183,10,2.21,2 Phone calls,churned,46097.228
1153281,2,1.53,1 Visit,active,89108.914
1159288,2,1.46,2 Phone calls,active,74099.414
1160732,2,1.7,1 Email,active,41754.941999999995
1162413,2,1.26,1 Email,active,52972.425
1167160,2,1.51,2 Phone calls,active,58917.125
1168370,2,1.47,1 Email,active,87510.339
1169471,3,1.58,2 Phone calls,active,44843.492
1172010,5,1.56,2 Phone calls,churned,56636.039
1172059,10,1.63,2 Phone calls,churned,40655.558000000005
1172375,2,1.48,1 Visit,active,81328.675
1173820,3,1.51,2 Phone calls,active,52027.625
1174089,3,1.77,2 Phone calls,active,36678.872
1183219,2,1.51,1 Email,active,84339.342
1183246,9,1.58,1 Email,churned,62325.558
1185130,2,1.47,1 Email,active,118691.847
1189655,10,1.57,1 Visit,churned,242086.603
1190655,4,1.63,2 Phone calls,active,65250.91099999999
1192884,2,1.56,2 Phone calls,active,48482.3
1195140,5,1.66,1 Email,churned,71763.228
1196079,11,4.03,1 Visit,active,64760.422000000006
1197366,2,1.56,1 Visit,active,61344.814000000006
1197663,13,1.77,2 Phone calls,churned,83543.258
1199544,4,13.84,2 Phone calls,active,36239.897000000004
1199705,10,3.28,2 Phone calls,churned,36988.508
1199719,2,1.37,1 Visit,active,108610.303
1200357,5,1.68,1 Email,active,47714.022000000004
1200377,3,1.81,1 Email,active,41436.711
1201184,9,2.3,2 Phone calls,churned,37210.808000000005
1202795,2,1.56,1 Visit,active,58759.564000000006
1202835,2,1.45,2 Phone calls,active,240579.011
1206881,3,3.62,1 Email,active,62872.353
1207077,2,1.44,1 Email,active,127392.858
1207268,2,1.59,1 Visit,active,38522.425
1211835,9,2.22,1 Visit,churned,37607.647000000004
1213167,2,1.8,2 Phone calls,active,36808.697
1214033,2,1.69,1 Visit,active,68023.408
1219777,10,2.52,1 Visit,churned,43711.6
1224310,4,1.63,1 Email,active,36776.286
1224856,12,7.34,1 Email,active,37213.875
1225282,122,2.38,1 Visit,churned,62845.19500000001
1225656,4,1.48,1 Email,active,67070.997
1226179,2,1.44,2 Phone calls,active,129636.272
1228003,3,1.73,2 Phone calls,active,36224.453
1228309,11,2.17,1 Visit,churned,37000.147000000004
1229867,2,1.45,2 Phone calls,active,62884.478
1230637,2,1.42,2 Phone calls,active,67401.425
1231491,2,1.44,2 Phone calls,active,55697.6
1232507,3,1.45,2 Phone calls,active,258976.89200000002
1234281,2,1.56,1 Email,active,44702.325000000004
1235437,2,1.45,1 Visit,active,40461.961
1235932,3,1.72,2 Phone calls,active,85518.23599999999
1236887,3,1.56,2 Phone calls,active,65991.539
1238943,3,1.55,1 Visit,active,43038.436
1239267,3,1.66,1 Email,active,58380.525
1242569,9,1.51,1 Visit,churned,91733.728
1245346,3,1.45,1 Email,active,184080.52800000002
1245638,9,2.1,1 Email,churned,88238.09700000001
1246822,2,1.62,1 Visit,active,59529.253
1247708,2,1.49,1 Email,active,61891.83900000001
1247776,2,1.53,1 Email,active,46779.264
1248683,9,1.95,1 Email,churned,36803.439
1249092,2,1.44,1 Visit,active,75991.675
1251083,3,1.72,2 Phone calls,active,73432.1
1252913,3,1.59,1 Visit,active,38063.461
1253228,5,1.67,1 Visit,churned,55643.872
1253452,3,1.7,1 Visit,active,39359.542
1253645,2,1.76,1 Visit,active,48613.450000000004
1255333,9,1.69,1 Email,churned,53842.914
1255733,2,1.53,2 Phone calls,active,53425.289
1257195,2,1.5,1 Email,active,79051.725
1265534,5,2.3,1 Email,active,43993.386
1266514,2,1.44,2 Phone calls,active,61121.378
1267503,10,1.48,2 Phone calls,churned,81103.853
1272143,2,1.54,2 Phone calls,active,37848.872
1275836,2,1.45,1 Email,active,50584.203
1276388,3,1.5,2 Phone calls,active,110351.747
1276554,4,1.83,1 Visit,active,41833.642
1277127,3,1.49,1 Visit,active,74528.914
1278072,67,1.62,1 Email,churned,148753.926
1278245,2,1.5,1 Email,active,43271.622
1278679,9,1.61,1 Email,churned,48845.214
1279952,2,1.44,2 Phone calls,active,156369.953
1285921,4,1.53,1 Email,active,40451.211
1286854,2,1.44,2 Phone calls,active,52353.011
1287482,2,1.65,1 Email,active,46401.678
1292183,2,1.44,1 Email,active,51241.014
1292640,2,1.89,1 Visit,active,42460.897000000004
1294746,2,1.86,2 Phone calls,active,47481.203
1295190,9,2.62,1 Visit,churned,36114.178
1296144,2,1.44,1 Email,active,62630.810999999994
1301817,5,3.46,1 Email,active,70399.908
1306226,4,3.68,1 Email,active,40004.658
1306848,9,1.47,2 Phone calls,churned,105009.842
1307079,5,1.69,1 Visit,active,88146.81400000001
1307496,4,1.69,2 Phone calls,active,84685.475
1309087,10,1.68,2 Phone calls,churned,39018.008
1311936,2,1.55,2 Phone calls,active,38903.222
1314676,2,1.46,2 Phone calls,active,65091.242000000006
1315527,2,1.45,2 Phone calls,active,102773.936
1315832,4,1.84,2 Phone calls,active,37767.386
1319549,2,1.44,2 Phone calls,active,68054.375
1319656,4,1.58,2 Phone calls,active,42170.042
1320104,2,1.62,1 Visit,active,40582.453
1322020,2,1.46,1 Visit,active,78041.308
1323849,2,1.52,1 Email,active,38127.078
1323893,2,1.46,1 Email,active,48625.200000000004
1325246,2,1.73,1 Visit,active,38760.322
1326247,3,2.18,1 Visit,active,67696.042
1329298,2,1.53,2 Phone calls,active,168799.997
1330222,3,1.4,1 Visit,active,127192.486
1330235,2,1.64,1 Email,active,52273.872
1332210,2,1.59,2 Phone calls,active,60841.172000000006
1335899,2,1.45,2 Phone calls,active,84466.928
1336351,2,1.5,1 Email,active,53127.828
1339893,2,1.43,1 Visit,active,181069.942
1341154,10,1.84,1 Visit,churned,40419.436
1342317,2,1.45,1 Visit,active,125132.908
1344561,4,1.88,1 Email,active,170750.664
1347437,3,2.11,1 Visit,active,72996.403
1348505,2,1.46,1 Visit,active,136582.897
1348829,4,1.85,1 Email,active,71100.675
1354396,2,1.46,1 Email,active,108669.636
1354446,2,1.5,1 Visit,active,72563.31400000001
1355846,4,3.13,2 Phone calls,active,39597.761
1361894,3,1.47,1 Email,active,88426.989
1361966,2,1.48,1 Email,active,98062.308
1362985,2,1.45,2 Phone calls,active,69593.042
1364491,10,4.59,1 Visit,active,75902.8
1364727,2,1.47,1 Email,active,46155.564
1365251,9,1.57,2 Phone calls,churned,36653.078
1365256,2,1.45,1 Email,active,68791.608
1366779,2,1.45,2 Phone calls,active,57756.008
1367588,2,1.74,1 Email,active,37506.339
1368716,2,1.48,2 Phone calls,active,54974.261
1371799,2,1.52,1 Visit,active,40277.614
1372020,3,1.95,2 Phone calls,active,44448.275
1372496,5,1.98,1 Visit,active,197811.553
1373528,2,1.76,1 Visit,active,45397.642
1375758,2,1.44,1 Email,active,53235.711
1375779,5,1.56,2 Phone calls,churned,62508.458
1378802,2,1.44,1 Visit,active,112754.047
1379354,10,1.92,1 Visit,churned,52043.8
1384459,2,1.47,2 Phone calls,active,154080.389
1386568,9,1.58,1 Visit,churned,221854.711
1388910,4,1.5,1 Visit,active,95868.13900000001
1389827,2,1.44,1 Visit,active,44913.361000000004
1391269,3,2.9,1 Visit,active,59223.289000000004
1394239,4,1.47,1 Email,active,46213.308000000005
1394528,355,1.47,2 Phone calls,churned,85132.235
1394573,2,1.46,2 Phone calls,active,41087.9
1395153,2,1.52,2 Phone calls,active,68760.2
1399590,3,1.47,1 Email,active,46515.753
1399604,3,1.47,1 Email,active,62298.603
1399812,4,1.64,2 Phone calls,active,51210.272000000004
1400063,2,1.58,1 Email,active,52642.089
1401834,5,1.89,1 Visit,active,59786.275
1401937,2,1.45,1 Visit,active,36299.803
1403538,2,1.45,2 Phone calls,active,57561.842
1404961,360,1.93,2 Phone calls,churned,86776.697
1405856,2,1.5,1 Email,active,44966.925
1406235,2,1.46,1 Email,active,38316.15
1406355,4,1.48,1 Visit,active,76136.161
1408864,2,1.49,1 Visit,active,86488.708
1411356,2,1.63,1 Email,active,39060.711
1412142,2,1.45,1 Visit,active,116928.40000000001
1413548,2,1.45,1 Email,active,36449.703
1415806,2,1.44,2 Phone calls,active,75425.15000000001
1416929,9,1.56,2 Phone calls,churned,48104.039
1419468,2,1.44,2 Phone calls,active,107699.411
1423548,2,1.44,1 Visit,active,44096.647000000004
1427960,2,1.44,1 Email,active,48159.486000000004
1430104,2,1.47,1 Visit,active,67583.23599999999
1430290,10,1.7,2 Phone calls,churned,105872.447
1430988,2,1.44,1 Email,active,85650.561
1431063,2,1.45,2 Phone calls,active,79568.003
1432531,2,1.45,1 Visit,active,302661.24700000003
1434391,0,1.43,1 Email,active,68518.61099999999
1435280,2,1.44,1 Email,active,46967.589
1438680,3,1.54,1 Visit,active,69284.425
1439652,4,2.14,2 Phone calls,active,70989.536
1440389,2,1.44,1 Email,active,239916.33900000004
1442632,9,1.9,1 Visit,churned,39462.061
1444500,2,1.3,1 Visit,active,228767.008
1445989,2,1.44,1 Visit,active,177524.5
1447199,9,1.59,1 Email,churned,69952.464
1452140,2,1.68,1 Email,active,39767.364
1459160,3,1.5,1 Email,active,70118.44200000001
1461561,3,1.45,2 Phone calls,active,206426.342
1462094,2,1.57,1 Email,active,54732.042
1464751,5,2.17,2 Phone calls,active,44219.342
1466118,4,1.57,1 Visit,active,59788.48900000001
1466819,2,1.51,1 Visit,active,63253.372
1467094,2,1.56,1 Email,active,56930.742
1468024,3,1.78,1 Visit,active,82314.40000000001
1470656,3,1.53,2 Phone calls,active,287860.808
1472383,2,1.61,1 Email,active,51233.175
1474590,30,57.27,1 Visit,active,38359.066
1475340,3,1.51,1 Visit,active,45289.111000000004
1475964,9,1.62,2 Phone calls,churned,54673.175
1479831,2,1.59,2 Phone calls,active,50962.664
1480577,3,1.64,1 Visit,active,43637.989
1482926,9,1.44,1 Visit,churned,154077.40300000002
1485314,2,1.53,2 Phone calls,active,70409.864
1487225,3,1.85,1 Visit,active,66717.85
1488213,2,1.46,1 Visit,active,38642.953
1492058,3,1.52,2 Phone calls,active,39249.839
1492190,10,1.64,1 Visit,churned,86908.603
1492994,2,1.46,1 Email,active,137193.489
1497814,4,1.55,1 Email,active,42978.186
1500922,2,1.63,1 Visit,active,42786.328
1504600,3,2.27,2 Phone calls,active,79533.164
1506304,2,1.69,1 Visit,active,39116.614
1508436,2,1.44,1 Email,active,67848.561
1509241,9,1.49,1 Visit,churned,99951.25
1517824,2,1.76,1 Visit,active,153570.02800000002
1518658,2,1.44,1 Visit,active,47262.1
1520596,2,1.46,2 Phone calls,active,45091.928
1523348,2,1.52,1 Email,active,42231.078
1525076,9,1.7,1 Visit,churned,66483.589
1525545,9,1.64,2 Phone calls,churned,93686.042
1527997,10,2.34,1 Email,churned,41122.242
1528503,9,1.61,1 Email,churned,66636.342
1536566,3,2.41,2 Phone calls,active,57583.478
1538838,2,1.46,2 Phone calls,active,79395.95
1539945,2,1.42,1 Visit,active,36200.578
1540443,3,1.91,2 Phone calls,active,49353.536
1541028,2,1.58,2 Phone calls,active,45787.736000000004
1541548,2,1.84,2 Phone calls,active,52871.042
1542078,2,1.44,1 Email,active,184039.461
1542223,3,1.56,1 Visit,active,99416.23599999999
1542288,5,1.56,2 Phone calls,churned,70049.036
1542373,2,1.46,1 Email,active,37867.014
1544867,9,3.51,2 Phone calls,active,93806.858
1544929,12,3.15,1 Email,churned,42375.978
1552980,2,1.44,1 Visit,active,501704.878
1552983,9,2.19,1 Email,churned,70216.875
1554575,3,1.45,2 Phone calls,active,46406.828
1556263,68,4.02,1 Email,churned,57690.207
1557652,3,1.54,2 Phone calls,active,74784.278
1558643,2,1.67,1 Visit,active,63748.335999999996
1561399,2,1.44,2 Phone calls,active,55098.353
1562125,2,1.73,1 Email,active,49850.325000000004
1563891,4,1.61,1 Email,active,65684.853
1565218,2,1.52,1 Visit,active,91166.69200000001
1566106,3,1.66,1 Visit,active,52738.636
1570465,2,2.28,1 Email,active,61582.275
1571090,9,1.94,2 Phone calls,churned,55125.911
1571479,2,1.69,2 Phone calls,active,43651.325000000004
1572986,9,1.73,2 Phone calls,churned,53679.386
1573269,9,1.91,1 Email,churned,104692.725
1575569,2,1.53,1 Visit,active,48943.147000000004
1576427,4,1.6,1 Visit,active,65597.908
1577519,2,1.6,1 Visit,active,37645.042
1580202,3,1.77,1 Visit,active,76097.542
1582727,11,2.33,1 Visit,churned,82475.761
1582843,2,1.46,1 Visit,active,90345.36099999999
1583937,9,1.62,1 Visit,churned,90064.228
1585911,9,2.32,2 Phone calls,churned,36518.861000000004
1586814,2,1.46,2 Phone calls,active,104264.59700000001
1587101,2,1.44,1 Visit,active,188115.025
1592247,3,1.57,2 Phone calls,active,109927.253
1592949,2,1.49,1 Visit,active,122460.17800000001
1595424,2,1.5,1 Email,active,95307.26400000001
1596618,2,1.68,1 Visit,active,68854.225
1597088,44,24.39,2 Phone calls,active,53361.398
1600012,2,1.47,1 Email,active,87291.792
1600227,4,2.84,1 Visit,active,42131.722
1602946,2,1.52,1 Email,active,48797.847
1603342,9,2.94,2 Phone calls,churned,52690.25
1604243,2,1.45,2 Phone calls,active,43936.103
1604281,9,1.76,1 Visit,churned,60721.825000000004
1604652,32,7.73,1 Email,churned,41678.181
1605331,2,1.5,1 Visit,active,51490.3
1605559,2,1.5,1 Email,active,85247.55
1605783,2,1.54,2 Phone calls,active,45166.961
1606013,3,1.78,2 Phone calls,active,36904.214
1606369,2,1.45,1 Visit,active,127880.46399999999
1608313,10,2.01,1 Visit,churned,38410.6
1611579,2,1.45,1 Visit,active,97593.7
1612277,2,1.51,1 Email,active,67449.978
1613036,2,1.44,1 Visit,active,59220.958
1614115,2,1.53,2 Phone calls,active,39340.622
1614636,2,1.63,1 Email,active,36676.8
1616101,2,1.59,2 Phone calls,active,72362.342
1621313,271,1.53,1 Visit,churned,60188.01700000001
1621960,9,1.75,1 Visit,churned,88705.714
1623075,3,1.98,2 Phone calls,active,46076.564
1627565,3,2.03,1 Email,active,38053.953
1627628,11,1.69,1 Email,churned,39568.842
1628050,3,1.83,2 Phone calls,active,41969.450000000004
1630677,2,1.45,2 Phone calls,active,132097.322
1633062,2,2.06,2 Phone calls,active,91717.022
1635829,4,1.73,1 Visit,active,47166.322
1636550,10,1.87,1 Visit,churned,53601.664
1638922,2,1.88,2 Phone calls,active,58310.336
1639064,2,1.59,1 Visit,active,37739.425
1640730,4,2.54,2 Phone calls,active,43462.289
1643098,2,1.45,1 Visit,active,111698.797
1646896,9,1.61,2 Phone calls,churned,66004.553
1649231,11,2.38,1 Visit,churned,36631.408
1656170,2,1.48,2 Phone calls,active,73242.911
1657523,2,1.55,1 Visit,active,39198.172000000006
1663565,2,1.46,1 Visit,active,62004.325000000004
1665002,3,1.66,1 Visit,active,59646.657999999996
1665304,2,1.55,2 Phone calls,active,76669.886
1665802,2,1.44,1 Visit,active,98753.575
1665874,2,1.48,1 Visit,active,53296.375
1666266,2,1.44,2 Phone calls,active,134270.64200000002
1666866,2,1.48,1 Visit,active,93773.353
1667347,2,1.53,1 Visit,active,44623.858
1668756,2,1.44,2 Phone calls,active,284911.886
1672231,9,1.63,1 Visit,churned,57916.075000000004
1673444,2,1.56,2 Phone calls,active,97327.84700000001
1675712,2,1.87,2 Phone calls,active,50389.958000000006
1675805,11,4.53,1 Email,active,39705.147000000004
1677414,2,1.77,1 Visit,active,37711.075000000004
1677494,2,1.49,2 Phone calls,active,72346.853
1678158,9,3.17,2 Phone calls,active,41133.503
1678377,2,1.51,1 Email,active,54868.608
1678916,9,1.69,2 Phone calls,churned,65160.803
1679800,10,1.52,1 Email,churned,49525.758
1679880,2,1.77,1 Email,active,38687.139
1680100,9,1.94,1 Email,churned,70451.289
1683770,3,1.68,1 Email,active,37253.664
1685351,2,1.46,2 Phone calls,active,82868.114
1686478,2,1.44,1 Visit,active,48363.700000000004
1688054,2,1.46,2 Phone calls,active,157197.836
1693565,52,3.17,2 Phone calls,churned,59257.1
1697269,3,1.5,1 Visit,active,93785.161
1698074,2,1.59,1 Email,active,47437.911
1707653,2,1.44,1 Email,active,62836.425
1708246,4,1.63,1 Visit,active,62089.708
1708388,2,1.46,1 Visit,active,171240.547
1710016,2,1.57,1 Visit,active,51000.664
1714976,2,1.55,1 Visit,active,53980.861000000004
1715764,2,1.51,1 Email,active,42291.450000000004
1715942,2,1.49,1 Email,active,49231.8
1716337,2,1.5,1 Visit,active,50867.428
1717937,3,1.47,2 Phone calls,active,69788.90000000001
1722816,9,1.54,1 Email,churned,174756.825
1723362,2,1.57,1 Email,active,50956.461
1724290,2,1.47,1 Visit,active,61031.272000000004
1726640,3,1.79,1 Visit,active,44587.822
1728553,2,1.58,1 Visit,active,65955.172
1729848,2,1.5,2 Phone calls,active,70432.022
1731983,2,1.46,1 Visit,active,84151.372
1733135,13,2.44,2 Phone calls,churned,45667.586
1735239,2,1.78,2 Phone calls,active,107195.86099999999
1736276,5,1.66,2 Phone calls,churned,113793.086
1736352,3,1.52,1 Visit,active,46139.008
1738186,2,1.47,1 Visit,active,68544.103
1738545,13,1.85,1 Email,churned,56687.922000000006
1741548,59,7.58,1 Email,churned,46543.626000000004
1743946,9,2.37,2 Phone calls,churned,64706.708
1744230,12,2.24,1 Visit,churned,44917.6
1744670,2,1.51,1 Email,active,48300.561
1744921,100,1.64,1 Visit,churned,59321.200000000004
1745613,2,1.51,2 Phone calls,active,66285.875
1746803,4,1.53,2 Phone calls,active,41851.892
1751691,9,1.82,1 Visit,churned,47741.161
1752582,2,1.84,1 Email,active,36448.992
1754265,4,1.78,1 Visit,active,51407.158
1759387,3,1.51,1 Visit,active,63984.55
1763429,5,4.53,1 Email,active,46288.764
1763921,2,1.97,1 Visit,active,66865.342
1765043,2,1.44,1 Visit,active,81138.703
1770644,10,1.72,1 Visit,churned,47555.158
1772190,3,2.09,1 Email,active,47589.453
1772686,2,1.45,1 Visit,active,109068.214
1772868,2,1.49,1 Email,active,129410.208
1772875,2,1.62,1 Email,active,43593.003
1773169,2,1.43,1 Visit,active,961922.164
1774260,3,1.45,2 Phone calls,active,137367.614
1777113,3,1.56,1 Email,active,41883.075000000004
1781484,3,1.97,1 Visit,active,40526.203
1781782,10,4.61,1 Visit,active,138900.136
1782234,2,1.45,2 Phone calls,active,43153.247
1785158,2,1.49,1 Email,active,159760.458
1785411,2,1.48,1 Visit,active,36106.15
1785734,3,1.69,1 Email,active,47416.392
1789445,2,3.27,1 Visit,active,37294.789
1789729,2,1.47,1 Visit,active,37664.5
1790677,2,1.6,1 Email,active,36405.792
1791515,2,1.39,1 Visit,active,117833.38600000001
1793336,3,1.49,1 Email,active,70685.172
1794411,3,1.58,1 Visit,active,72805.414
1794667,2,1.45,1 Visit,active,238740.7
1795711,3,1.62,1 Visit,active,39778.375
1798523,2,1.43,2 Phone calls,active,141554.225
1799384,2,1.75,1 Email,active,41051.772000000004
1802620,10,1.95,2 Phone calls,churned,49712.708000000006
1806531,5,1.45,1 Email,churned,150450.93899999998
1807467,2,1.66,2 Phone calls,active,64263.692
1807762,2,1.47,1 Email,active,37161.747
1810123,5,1.49,1 Visit,churned,65028.703
1815987,2,1.45,1 Email,active,136751.103
1816402,10,1.55,2 Phone calls,churned,52619.897000000004
1816517,2,1.47,1 Email,active,193466.09699999998
1819214,3,3.29,1 Email,active,37343.097
1819975,3,1.6,1 Visit,active,39341.353
1821055,4,1.5,1 Visit,active,43052.691999999995
1822114,93,9.08,2 Phone calls,churned,51235.44500000001
1824052,2,1.46,2 Phone calls,active,92309.6
1824460,2,1.97,1 Visit,active,45416.308000000005
1824832,2,1.71,2 Phone calls,active,53513.003
1825445,5,3.11,1 Email,active,47111.292
1826984,3,1.46,1 Email,active,42003.675
1827439,2,1.51,2 Phone calls,active,68061.31400000001
1828052,2,1.58,2 Phone calls,active,42530.897000000004
1828244,2,1.44,1 Email,active,43195.878
1829695,9,1.52,1 Email,churned,58713.039
1830395,2,1.69,2 Phone calls,active,37051.211
1833069,4,1.51,1 Visit,active,44912.353
1837070,2,1.45,1 Email,active,166346.964
1837520,2,1.49,1 Email,active,80237.88900000001
1837545,3,1.44,1 Email,active,43867.008
1838408,2,1.44,1 Visit,active,51247.858
1839598,2,1.47,1 Visit,active,49152.622
1841847,2,1.49,2 Phone calls,active,87408.839
1845492,2,1.48,1 Email,active,57929.472
1848241,9,2.06,2 Phone calls,churned,39892.142
1849128,2,1.69,1 Email,active,37153.764
1850878,2,1.51,1 Email,active,43338.789
1853481,2,1.47,1 Visit,active,98808.09700000001
1855199,2,1.48,1 Email,active,45302.175
1855857,10,1.51,2 Phone calls,churned,42490.811
1856224,3,2.96,1 Visit,active,46975.153
1858212,2,1.64,1 Email,active,52506.747
1859952,9,1.59,2 Phone calls,churned,112937.978
1860260,200,7.15,1 Email,churned,70575.59700000001
1862441,2,1.5,1 Visit,active,44118.4
1863981,2,1.73,1 Email,active,39619.611000000004
1865669,3,1.7,2 Phone calls,active,38632.592
1869871,2,1.45,2 Phone calls,active,38405.342
1873103,2,1.61,2 Phone calls,active,50001.653
1874289,2,1.45,1 Email,active,87464.664
1874460,9,1.47,1 Visit,churned,63883.903
1876534,2,1.48,1 Email,active,105202.197
1877583,2,1.47,1 Email,active,36543.258
1878244,3,1.63,2 Phone calls,active,51254.489
1879369,3,1.48,1 Visit,active,87609.622
1879641,2,1.59,1 Email,active,58708.728
1883627,2,1.44,1 Visit,active,43340.458000000006
1884086,2,1.48,1 Email,active,66773.286
1886274,2,1.46,1 Email,active,49007.592
1886548,3,1.5,1 Email,active,65128.428
1886773,2,1.46,1 Email,active,47029.464
1887048,4,1.54,2 Phone calls,active,68341.358
1888475,19,3.85,2 Phone calls,churned,37300.178
1889854,3,1.42,1 Visit,active,107091.85
1890528,3,1.3,2 Phone calls,active,47957.708000000006
1890932,2,1.49,1 Email,active,83657.808
1894012,3,1.82,1 Visit,active,56111.764
1894490,2,1.61,2 Phone calls,active,49282.922000000006
1894659,9,1.62,1 Email,churned,58022.658
1896963,3,1.68,1 Visit,active,77636.578
1898765,25,2.22,1 Email,churned,55094.013
1898916,4,1.62,1 Visit,active,81945.553
1899604,5,1.77,2 Phone calls,active,48696.950000000004
1900664,2,1.44,1 Email,active,81162.036
1907299,5,2.65,2 Phone calls,active,108315.38900000001
1909014,3,1.48,2 Phone calls,active,325159.553
1910840,2,1.63,1 Email,active,43232.328
1911392,9,1.6,2 Phone calls,churned,40138.4
1913186,2,1.47,1 Email,active,53009.703
1913629,10,6.36,1 Email,active,584202.258
1913887,2,1.44,1 Email,active,54710.622
1915585,2,1.63,1 Email,active,55504.611000000004
1915613,2,1.44,1 Visit,active,44449.897000000004
1915851,9,2.93,1 Visit,churned,75562.753
1917892,9,1.55,1 Email,churned,37614.941999999995
1919899,2,1.46,1 Visit,active,84981.44200000001
1920957,10,1.68,2 Phone calls,churned,39970.775
1921040,2,1.7,1 Visit,active,49284.922000000006
1923484,2,1.44,1 Email,active,134867.28600000002
1927354,3,1.48,1 Visit,active,42044.197
1927666,2,1.45,1 Email,active,183687.408
1927985,3,1.52,1 Email,active,37102.158
1928162,24,3.57,2 Phone calls,churned,44720.534
1928178,9,1.69,1 Visit,churned,42426.625
1928597,2,1.44,2 Phone calls,active,61554.503
1929913,2,1.51,1 Visit,active,53131.603
1932019,3,1.46,1 Email,active,90351.63900000001
1932712,2,1.48,2 Phone calls,active,128107.17199999999
1933156,2,1.47,2 Phone calls,active,38369.792
1933362,2,1.46,1 Email,active,163338.678
1933434,2,1.5,1 Email,active,53587.008
1933493,2,1.7,1 Email,active,39742.236000000004
1933771,2,1.47,1 Visit,active,130721.95300000001
1934466,2,1.52,1 Visit,active,40301.464
1937993,2,1.67,2 Phone calls,active,61991.147000000004
1939150,2,2.02,2 Phone calls,active,41811.950000000004
1939977,2,1.7,1 Email,active,39988.242
1940818,2,1.83,2 Phone calls,active,45825.428
1941720,2,1.49,1 Visit,active,162530.158
1941876,2,1.87,1 Visit,active,64246.675
1942300,2,1.57,2 Phone calls,active,45759.458000000006
1945834,2,4.21,2 Phone calls,active,43456.178
1946333,5,1.61,2 Phone calls,churned,39455.408
1948639,2,1.44,2 Phone calls,active,70821.164
1949846,10,1.69,1 Visit,churned,47532.739
1953099,3,1.43,1 Email,active,89975.214
1953802,2,1.55,1 Visit,active,38319.403
1954668,80,29.76,1 Email,active,85535.34300000001
1954881,3,1.47,2 Phone calls,active,107343.911
1955141,3,1.97,1 Visit,active,50987.758
1955600,3,1.71,1 Visit,active,42587.950000000004
1957799,3,1.48,1 Visit,active,48499.411
1959584,2,1.55,1 Email,active,43997.661
1960184,3,1.54,1 Visit,active,36461.308000000005
1962055,2,1.56,1 Visit,active,37052.5
1964153,10,2.17,1 Visit,churned,67374.292
1968178,10,1.68,1 Visit,churned,46814.458000000006
1973158,2,2.02,1 Email,active,61972.497
1975280,2,1.57,2 Phone calls,active,88976.558
1975776,3,1.51,1 Visit,active,61575.960999999996
1983214,2,1.57,1 Visit,active,229545.29200000002
1984040,2,1.44,1 Visit,active,60053.197
1988469,2,1.52,1 Email,active,77805.711
1990615,2,1.51,2 Phone calls,active,60236.858
1992242,2,1.46,1 Email,active,107300.358
1992415,2,1.46,1 Email,active,50882.472
1997280,97,1.65,2 Phone calls,churned,47721.926
1997395,12,2.29,1 Visit,churned,37619.878
2002776,3,1.47,2 Phone calls,active,83382.797
2003285,2,1.48,1 Visit,active,56364.736000000004
2005661,2,1.41,2 Phone calls,active,115011.272
2005735,4,1.67,1 Visit,active,46059.700000000004
2006233,2,1.46,2 Phone calls,active,84171.989
2008265,3,1.44,1 Email,active,110896.128
2009249,24,7.01,1 Email,churned,52099.316999999995
2010973,2,1.48,1 Email,active,113410.76400000001
2011327,2,1.51,1 Visit,active,77361.214
2011450,2,1.45,1 Visit,active,39177.103
2011853,2,1.44,2 Phone calls,active,134485.17500000002
2012785,2,1.49,1 Email,active,222900.264
2012914,9,1.76,2 Phone calls,churned,42186.197
2014851,2,1.59,2 Phone calls,active,37773.875
2015912,2,1.82,1 Visit,active,60246.435999999994
2016824,2,1.47,1 Email,active,56506.950000000004
2020376,2,1.45,1 Email,active,47397.861000000004
2021711,2,1.46,2 Phone calls,active,36337.925
2022081,2,1.44,1 Email,active,49934.061
2022171,2,1.51,2 Phone calls,active,47056.511
2023698,93,50.91,2 Phone calls,active,213792.671
2024092,2,1.55,1 Visit,active,110170.858
2024114,2,1.46,2 Phone calls,active,36688.286
2024510,5,1.55,1 Email,churned,81807.75
2026841,2,1.63,2 Phone calls,active,49814.714
2027538,2,1.53,1 Visit,active,71165.164
2027801,2,1.48,1 Email,active,93442.392
2030489,11,3.03,1 Visit,churned,43814.758
2032346,2,1.47,2 Phone calls,active,122835.458
2032534,3,1.53,1 Visit,active,51004.903
2035682,3,1.92,1 Visit,active,38112.511
2039258,2,1.5,1 Visit,active,67623.475
2041356,2,1.48,1 Visit,active,80476.978
2045052,2,1.47,1 Email,active,67647.6
2046443,2,3.47,2 Phone calls,active,39992.564
2048559,2,1.49,2 Phone calls,active,92228.825
2049122,10,1.71,1 Visit,churned,42173.275
2049263,10,1.61,1 Visit,churned,37633.153
2050359,2,1.59,2 Phone calls,active,55977.086
2053167,2,1.52,2 Phone calls,active,40552.85
2054373,9,1.61,2 Phone calls,churned,37769.6
2054600,2,1.48,1 Email,active,38673.297000000006
2055582,10,2.6,2 Phone calls,churned,44564.708000000006
2056558,2,1.34,1 Email,active,79688.02500000001
2056957,4,2.09,1 Email,active,41495.247
2063562,2,1.97,1 Email,active,150263.658
2063669,12,4.23,2 Phone calls,active,40081.286
2065371,2,2.04,2 Phone calls,active,44183.792
2065373,2,1.75,1 Visit,active,52452.328
2069312,2,1.46,1 Email,active,68759.658
2071323,2,1.5,2 Phone calls,active,42610.322
2071880,2,1.44,1 Email,active,44009.289
2078827,223,1.44,2 Phone calls,churned,71838.2
2082160,2,1.72,2 Phone calls,active,38592.497
2083410,4,1.51,1 Email,active,77178.22200000001
2084402,2,1.55,1 Email,active,72544.5
2085897,2,1.44,1 Visit,active,265238.086
2086156,4,1.48,2 Phone calls,active,77266.811
2089579,2,1.55,2 Phone calls,active,49663.478
2089842,2,1.49,1 Email,active,67673.214
2090949,3,1.67,1 Visit,active,67089.811
2092620,2,1.54,1 Email,active,74464.38900000001
2093767,2,1.47,2 Phone calls,active,45193.322
2095387,3,1.45,1 Email,active,93275.964
2098246,10,2.97,1 Visit,churned,79851.478
2101105,2,1.44,1 Email,active,159890.47199999998
2101589,2,1.48,2 Phone calls,active,37695.053
2104472,2,1.45,2 Phone calls,active,114246.2
2104680,2,1.41,2 Phone calls,active,37389.386
2105006,12,1.66,2 Phone calls,churned,65838.008
2108057,2,1.66,2 Phone calls,active,37905.842
2111116,2,1.46,1 Visit,active,83239.6
2112094,9,1.56,2 Phone calls,churned,56937.575000000004
2112437,2,1.69,1 Visit,active,63103.342000000004
2112501,9,1.64,1 Email,churned,37706.292
2113596,2,1.65,2 Phone calls,active,54665.336
2113863,4,1.71,2 Phone calls,active,93963.539
2115677,2,1.48,2 Phone calls,active,58728.872
2126953,2,1.59,1 Email,active,52371.9
2128397,2,1.45,1 Visit,active,49765.225
2129476,9,18.35,1 Email,active,337674.825
2129710,2,1.69,1 Visit,active,37057.972
2129943,2,3.24,2 Phone calls,active,82408.142
2131888,2,1.54,1 Visit,active,47669.278
2133415,2,1.7,1 Email,active,58693.311
2134607,2,1.45,1 Email,active,85045.95
2138981,10,1.87,1 Visit,churned,46658.803
2140043,5,1.59,1 Email,churned,36422.136
2140562,2,1.87,2 Phone calls,active,38767.214
2142011,3,1.47,2 Phone calls,active,54009.686
2142552,2,1.47,1 Email,active,58895.136
2142683,2,1.46,1 Visit,active,133093.714
2142867,9,3.46,1 Visit,active,57649.342
2146496,2,1.5,1 Visit,active,60868.48900000001
2147350,9,1.55,1 Email,churned,47026.278
2150146,4,1.72,2 Phone calls,active,38811.691999999995
2152833,2,1.56,1 Email,active,37122.903
2153318,2,4.45,2 Phone calls,active,36664.742
2153420,2,7.57,1 Visit,active,42842.128
2157987,34,1.65,2 Phone calls,churned,50326.949
2158727,2,1.64,1 Visit,active,51536.236000000004
2159455,2,1.44,1 Visit,active,64322.914000000004
2164188,2,1.6,2 Phone calls,active,39633.842
2164481,2,1.46,1 Visit,active,56554.861000000004
2165416,2,1.49,1 Visit,active,71671.558
2167021,2,1.46,1 Visit,active,61750.678
2167770,3,1.51,2 Phone calls,active,59240.63900000001
2168808,2,1.59,1 Visit,active,37258.897000000004
2170005,2,1.49,2 Phone calls,active,83576.747
2171309,2,1.75,2 Phone calls,active,37927.55
2171433,2,1.46,1 Email,active,286741.53900000005
2173395,3,1.5,1 Visit,active,45499.450000000004
2173561,4,1.6,1 Email,active,49758.147000000004
2178391,2,1.44,1 Visit,active,69135.214
2180313,2,1.58,1 Visit,active,67520.425
2182223,2,1.47,2 Phone calls,active,51298.472
2184558,3,1.53,2 Phone calls,active,49280.339
2184726,2,1.56,1 Visit,active,40497.772000000004
2187209,2,1.57,1 Email,active,37501.911
2187713,3,1.52,1 Visit,active,79923.928
2189190,2,1.45,2 Phone calls,active,47806.139
2194765,19,13.58,2 Phone calls,active,51767.525
2198176,2,1.44,2 Phone calls,active,101300.375
2201077,3,2.36,1 Visit,active,102316.522
2205059,4,1.5,2 Phone calls,active,43600.961
2206993,2,1.82,1 Email,active,68609.214
2207247,2,1.44,2 Phone calls,active,419588.147
2209167,2,1.51,1 Visit,active,166241.12800000003
2212698,9,1.64,2 Phone calls,churned,369346.592
2215575,30,1.93,1 Email,churned,135066.132
2216317,2,1.69,2 Phone calls,active,49125.989
2218306,2,1.83,1 Email,active,36835.758
2218948,2,1.45,2 Phone calls,active,37940.339
2221508,2,1.44,1 Visit,active,51257.128
2221534,2,1.45,1 Visit,active,63951.925
2231831,10,2.79,1 Email,churned,40899.222
2232451,3,1.72,2 Phone calls,active,93481.922
2240369,9,1.66,2 Phone calls,churned,37879.661
2241968,2,1.45,1 Email,active,131763.447
2243116,2,1.45,1 Visit,active,36661.0
2244610,2,1.92,2 Phone calls,active,181285.058
2245430,2,1.53,2 Phone calls,active,65862.542
2247243,9,1.61,1 Visit,churned,91221.403
2247577,2,1.44,1 Email,active,47378.25
2247807,2,1.71,1 Email,active,44948.808000000005
2248736,2,1.57,1 Email,active,60835.157999999996
2250586,2,1.46,1 Visit,active,51022.489
2256067,2,1.45,1 Visit,active,37787.953
2256331,2,1.6,2 Phone calls,active,52554.053
2257833,3,1.5,1 Visit,active,130901.728
2258491,3,1.54,1 Visit,active,114008.197
2259196,2,1.54,1 Visit,active,117347.647
2259764,2,1.47,1 Visit,active,39011.908
2260903,2,1.45,1 Visit,active,42942.1
2265439,3,1.69,2 Phone calls,active,39479.6
2270627,2,1.61,2 Phone calls,active,103073.789
2271619,2,1.96,1 Email,active,141380.06399999998
2272525,13,2.02,1 Visit,churned,42802.897000000004
2272758,2,1.46,1 Visit,active,222448.9
2273574,2,1.44,1 Visit,active,159695.53600000002
